checkpoint,tree,file,line,kind,definition,tactic,lines,chars
paco,theories,theories/Eq/Eqit.v,220,Ltac,unfold_eqit,unfold_eqit,3,150
paco,theories,theories/Eq/Eqit.v,235,Tactic Notation,fold_eqitF,fold_eqitF,15,392
paco,theories,theories/Eq/Paco2.v,53,Ltac,apply_paco_acc,pcofix,15,488
paco,theories,theories/Eq/Paco2.v,140,Ltac,pcofix_,pcofix,32,1071
paco,theories,theories/Eq/Paco2.v,174,Ltac,pcofix_with,pcofix,6,219
paco,theories,theories/Eq/Paco2.v,181,Tactic Notation,pcofix,pcofix,2,78
paco,theories,theories/Eq/Rutt.v,115,Ltac,unfold_rutt,unfold_rutt,3,150
paco,theories,theories/Eq/Rutt.v,130,Tactic Notation,fold_ruttF,fold_ruttF,15,370
paco,theories,theories/Eq/UpToTaus.v,54,Tactic Notation,gpaco_,gpaco,4,111
paco,theories,theories/Eq/UpToTaus.v,58,Ltac,gpaco,gpaco,1,53
paco,theories,theories/Eq/UpToTaus.v,649,Ltac,apply_paco_acc,pcofix,12,308
paco,theories,theories/Eq/UpToTaus.v,662,Ltac,ecofix,ecofix,1,57
paco,theories,theories/Eq/UpToTaus.v,664,Ltac,einit,einit,1,90
paco,theories,theories/Eq/UpToTaus.v,665,Ltac,efinal,efinal,1,91
paco,theories,theories/Eq/UpToTaus.v,666,Ltac,ebase,ebase,1,87
paco,theories,theories/Eq/UpToTaus.v,667,Ltac,eret,eret,1,85
paco,theories,theories/Eq/UpToTaus.v,668,Ltac,etau,etau,1,85
paco,theories,theories/Eq/UpToTaus.v,669,Ltac,evis,evis,1,85
paco,theories,theories/Eq/UpToTaus.v,670,Ltac,estep,estep,1,37
paco,theories,theories/Eq/UpToTaus.v,671,Ltac,ebind,ebind,1,87
paco,theories,theories/Eq/UpToTaus.v,672,Ltac,edrop,edrop,1,87
paco,extra,extra/ITrace/ITraceBind.v,875,Ltac,fold_eutt,fold_eutt,2,100
paco,extra,extra/Secure/SecureEqHalt.v,16,Ltac,pmonauto_itree,pmonauto_itree,3,106
paco,extra,extra/Secure/SecureEqHalt.v,171,Ltac,gfinal_with,gfinal_with,1,44
paco,extra,extra/Secure/SecureEqHaltProgInsens.v,267,Ltac,gfinal_with,gfinal_with,1,44
paco,extra,extra/Secure/SecureEqWcompat.v,169,Ltac,fold_secure,fold_secure,2,111
old_port,theories,theories/Basics/Utils.v,134,Ltac,step_,step,9,290
old_port,theories,theories/Basics/Utils.v,144,Ltac,step,step,4,148
old_port,theories,theories/Basics/Utils.v,149,Ltac,step_in,step,4,85
old_port,theories,theories/Basics/Utils.v,154,Tactic Notation,step in,step,1,50
old_port,theories,theories/Basics/Utils.v,156,Ltac,unstep,unstep,4,75
old_port,theories,theories/Basics/Utils.v,161,Ltac,unstep_in,unstep,4,87
old_port,theories,theories/Basics/Utils.v,166,Tactic Notation,unstep in,unstep,1,54
old_port,theories,theories/Basics/Utils.v,172,Ltac,apply_leq,monauto,4,112
old_port,theories,theories/Basics/Utils.v,178,Ltac,induct_on_premise,monauto,3,100
old_port,theories,theories/Basics/Utils.v,186,Ltac,monauto,monauto,7,147
old_port,theories,theories/Basics/Utils.v,202,Ltac,inf_closed_forall_auto,inf_closed_auto,2,67
old_port,theories,theories/Basics/Utils.v,205,Ltac,inf_closed_impl_auto,inf_closed_auto,2,94
old_port,theories,theories/Basics/Utils.v,208,Ltac,inf_closed_final_auto,inf_closed_auto,2,102
old_port,theories,theories/Basics/Utils.v,211,Ltac,inf_closed_auto,inf_closed_auto,2,104
old_port,theories,theories/Basics/Utils.v,216,Ltac,clear_old_chain,tower induction,2,92
old_port,theories,theories/Basics/Utils.v,219,Ltac,tower_induction,tower induction,1,71
old_port,theories,theories/Basics/Utils.v,220,Tactic Notation,tower induction,tower induction,1,55
old_port,theories,theories/Core/KTreeFacts.v,45,Ltac,under_forall',under_forall',7,133
old_port,theories,theories/Core/KTreeFacts.v,52,Ltac,to_mon,to_mon,1,41
old_port,theories,theories/Eq/Eqit.v,229,Ltac,iunfold,iunfold,1,66
old_port,theories,theories/Eq/Eqit.v,230,Ltac,iunfold_in,iunfold,1,71
old_port,theories,theories/Eq/Eqit.v,231,Ltac,iunfold_all,iunfold,1,71
old_port,theories,theories/Eq/Eqit.v,236,Ltac,icbn,icbn,1,24
old_port,theories,theories/Eq/Eqit.v,237,Ltac,icbn_in,icbn,1,34
old_port,theories,theories/Eq/Eqit.v,245,Ltac,refold,refold,8,199
old_port,theories,theories/Eq/Eqit.v,254,Ltac,refold_in,refold,8,219
old_port,theories,theories/Eq/Eqit.v,270,Ltac,to_mon_core,to_mon,26,812
old_port,theories,theories/Eq/Eqit.v,298,Ltac,to_mon,to_mon,7,130
old_port,theories,theories/Eq/Eqit.v,306,Ltac,to_mon_in,to_mon,26,830
old_port,theories,theories/Eq/Eqit.v,335,Tactic Notation,icbn in,icbn,1,50
old_port,theories,theories/Eq/Eqit.v,336,Tactic Notation,icbn in *,icbn,1,75
old_port,theories,theories/Eq/Eqit.v,338,Tactic Notation,refold in,refold,1,54
old_port,theories,theories/Eq/Eqit.v,339,Tactic Notation,to_mon in,to_mon,1,54
old_port,theories,theories/Eq/Eqit.v,340,Tactic Notation,iunfold in,iunfold,1,56
old_port,theories,theories/Eq/Eqit.v,341,Tactic Notation,iunfold in *,iunfold,1,50
old_port,theories,theories/Eq/Eqit.v,343,Ltac,step,step,6,135
old_port,theories,theories/Eq/Eqit.v,354,Tactic Notation,step in,step,6,157
old_port,theories,theories/Eq/Eqit.v,361,Tactic Notation,unstep,unstep,1,68
old_port,theories,theories/Eq/Eqit.v,362,Tactic Notation,unstep in,unstep,2,101
old_port,theories,theories/Eq/Eqit.v,365,Ltac,iunfold_coind,iunfold_coind,2,78
old_port,theories,theories/Eq/Eqit.v,368,Tactic Notation,coinduction,coinduction,3,109
old_port,theories,theories/Eq/Eqit.v,372,Tactic Notation,coinduction,coinduction,2,98
old_port,theories,theories/Eq/Eqit.v,376,Tactic Notation,icoinduction,icoinduction,3,100
old_port,theories,theories/Eq/Eqit.v,415,Ltac,inf_closed_forall_auto,inf_closed_auto,2,67
old_port,theories,theories/Eq/Eqit.v,418,Ltac,inf_closed_impl_auto,inf_closed_auto,2,94
old_port,theories,theories/Eq/Eqit.v,421,Ltac,inf_closed_final_auto,inf_closed_auto,2,102
old_port,theories,theories/Eq/Eqit.v,424,Ltac,inf_closed_auto,inf_closed_auto,2,104
old_port,theories,theories/Eq/Eqit.v,427,Ltac,clear_old_chain,tower induction,2,92
old_port,theories,theories/Eq/Eqit.v,430,Ltac,tower_induction,tower induction,1,71
old_port,theories,theories/Eq/Eqit.v,431,Tactic Notation,tower induction,tower induction,1,55
old_port,theories,theories/Eq/Eqit.v,1496,Ltac,bcbn,bcbn,4,122
old_port,theories,theories/Eq/Eqit.v,2381,Ltac,euttsimpl,euttsimpl,1,59
old_port,theories,theories/Eq/Rutt.v,112,Ltac,runfold,runfold,1,40
old_port,theories,theories/Eq/Rutt.v,113,Ltac,runfold_in,runfold,1,47
old_port,theories,theories/Eq/Rutt.v,115,Ltac,rcbn,rcbn,1,50
old_port,theories,theories/Eq/Rutt.v,116,Ltac,rcbn_in,rcbn,1,65
old_port,theories,theories/Eq/Rutt.v,118,Tactic Notation,rcbn in,rcbn,1,50
old_port,theories,theories/Eq/Rutt.v,119,Tactic Notation,rcbn in *,rcbn,1,82
old_port,theories,theories/Eq/Rutt.v,122,Tactic Notation,rstep,rstep,1,47
old_port,theories,theories/Eq/Rutt.v,123,Tactic Notation,rstep in,rstep,1,76
old_port,theories,theories/Eq/Rutt.v,125,Ltac,refold,refold,5,135
old_port,theories,theories/Eq/Rutt.v,131,Ltac,fold_rutt,fold_rutt,5,177
old_port,theories,theories/Eq/Rutt.v,136,Ltac,fold_rutt_in,fold_rutt,5,189
old_port,theories,theories/Eq/Rutt.v,141,Tactic Notation,runstep,runstep,1,47
old_port,theories,theories/Eq/Rutt.v,142,Tactic Notation,runstep in,runstep,1,71
old_port,theories,theories/Eq/Rutt.v,144,Ltac,to_rmon_core,to_rmon,9,475
old_port,theories,theories/Eq/Rutt.v,154,Ltac,to_rmon,to_rmon,7,132
old_port,theories,theories/Eq/Rutt.v,162,Ltac,to_rmon_in,to_rmon,9,484
old_port,theories,theories/Eq/Rutt.v,172,Tactic Notation,to_rmon in,to_rmon,1,56
old_port,extra,extra/IForest.v,171,Ltac,iunfold,iunfold,1,81
old_port,extra,extra/IForest.v,172,Ltac,iunfold_in,iunfold,1,87
old_port,extra,extra/IForest.v,173,Ltac,iunfold_all,iunfold,1,86
old_port,extra,extra/IForest.v,175,Ltac,refold,refold,10,298
old_port,extra,extra/IForest.v,186,Ltac,refold_in,refold,10,320
old_port,extra,extra/IForest.v,197,Ltac,to_mon_core,to_mon,28,790
old_port,extra,extra/IForest.v,229,Ltac,to_mon,to_mon,7,139
old_port,extra,extra/IForest.v,237,Ltac,to_mon_in,to_mon,16,424
old_port,extra,extra/IForest.v,255,Ltac,icbn,icbn,3,108
old_port,extra,extra/IForest.v,259,Ltac,icbn_in,icbn,3,123
old_port,extra,extra/IForest.v,263,Tactic Notation,icbn in,icbn,1,59
old_port,extra,extra/IForest.v,264,Tactic Notation,icbn in *,icbn,3,140
old_port,extra,extra/IForest.v,268,Tactic Notation,refold in,refold,1,63
old_port,extra,extra/IForest.v,269,Tactic Notation,to_mon in,to_mon,1,63
old_port,extra,extra/IForest.v,270,Tactic Notation,iunfold in,iunfold,1,65
old_port,extra,extra/IForest.v,271,Tactic Notation,iunfold in *,iunfold,1,59
old_port,extra,extra/IForest.v,274,Tactic Notation,step,step,2,66
old_port,extra,extra/IForest.v,277,Tactic Notation,unstep,unstep,2,76
old_port,extra,extra/IForest.v,280,Tactic Notation,step in,step,2,100
old_port,extra,extra/IForest.v,283,Tactic Notation,unstep in,unstep,2,110
old_port,extra,extra/IForest.v,286,Tactic Notation,icoinduction,icoinduction,2,125
old_port,extra,extra/IForest.v,289,Tactic Notation,coinduction,coinduction,3,111
old_port,extra,extra/IForest.v,293,Tactic Notation,coinduction,coinduction,4,105
old_port,extra,extra/IForest.v,298,Ltac,bcbn,bcbn,4,92
old_port,extra,extra/ITrace/ITraceBind.v,26,Tactic Notation,simple_step,simple_step,1,66
old_port,extra,extra/ITrace/ITraceFacts.v,27,Tactic Notation,step,step,1,43
old_port,extra,extra/ITrace/ITraceFacts.v,28,Tactic Notation,step in,step,1,67
old_port,extra,extra/Secure/SecureEqBind.v,71,Ltac,to_mon_s,to_mon_s,5,172
old_port,extra,extra/Dijkstra/ITreeDijkstra.v,266,Tactic Notation,icbn,icbn,1,51
old_port,extra,extra/Dijkstra/PureITreeBasics.v,24,Tactic Notation,step,step,1,52
old_port,extra,extra/Dijkstra/PureITreeBasics.v,25,Tactic Notation,step in,step,1,76
new_port,theories,theories/Basics/Utils.v,99,Ltac,under_forall,under_forall,7,135
new_port,theories,theories/Basics/Utils.v,107,Ltac,to_mon_core,to_mon,2,91
new_port,theories,theories/Basics/Utils.v,109,Ltac,to_mon,to_mon,1,56
new_port,theories,theories/Basics/Utils.v,110,Ltac,to_mon_in,to_mon,3,105
new_port,theories,theories/Basics/Utils.v,113,Tactic Notation,to_mon in,to_mon,1,54
new_port,theories,theories/Eq/Eqit.v,232,Ltac,icbn,icbn,1,24
new_port,theories,theories/Eq/Eqit.v,233,Ltac,icbn_in,icbn,1,34
new_port,theories,theories/Eq/Eqit.v,241,Ltac,refold,refold,8,199
new_port,theories,theories/Eq/Eqit.v,250,Ltac,refold_in,refold,8,219
new_port,theories,theories/Eq/Eqit.v,279,Tactic Notation,icbn in,icbn,1,50
new_port,theories,theories/Eq/Eqit.v,280,Tactic Notation,icbn in *,icbn,1,75
new_port,theories,theories/Eq/Eqit.v,282,Tactic Notation,refold in,refold,1,54
new_port,theories,theories/Eq/Eqit.v,284,Ltac,step,step,6,136
new_port,theories,theories/Eq/Eqit.v,292,Tactic Notation,step in,step,6,157
new_port,theories,theories/Eq/Eqit.v,299,Tactic Notation,unstep,unstep,1,96
new_port,theories,theories/Eq/Eqit.v,300,Tactic Notation,unstep in,unstep,2,129
new_port,theories,theories/Eq/Eqit.v,304,Tactic Notation,coinduction,coinduction,2,84
new_port,theories,theories/Eq/Eqit.v,307,Tactic Notation,coinduction,coinduction,2,98
new_port,theories,theories/Eq/Eqit.v,310,Tactic Notation,icoinduction,icoinduction,3,100
new_port,theories,theories/Eq/Eqit.v,1394,Ltac,bcbn,bcbn,4,122
new_port,theories,theories/Eq/Rutt.v,112,Ltac,rcbn,rcbn,1,50
new_port,theories,theories/Eq/Rutt.v,113,Ltac,rcbn_in,rcbn,1,65
new_port,theories,theories/Eq/Rutt.v,115,Tactic Notation,rcbn in,rcbn,1,50
new_port,theories,theories/Eq/Rutt.v,118,Tactic Notation,rstep,rstep,1,38
new_port,theories,theories/Eq/Rutt.v,119,Tactic Notation,rstep in,rstep,1,62
new_port,extra,extra/IForest.v,190,Ltac,bcbn,bcbn,1,34
new_port,extra,extra/ITrace/ITraceBind.v,26,Tactic Notation,simple_step,simple_step,1,67
new_port,extra,extra/ITrace/ITraceFacts.v,27,Tactic Notation,step,step,1,43
new_port,extra,extra/ITrace/ITraceFacts.v,28,Tactic Notation,step in,step,1,67
new_port,extra,extra/Dijkstra/ITreeDijkstra.v,266,Tactic Notation,icbn,icbn,1,51
